time,load@tsung_controller@ip-172-31-17-149 
0,0.01171875 
10,0.0 
20,0.0 
30,0.0 
40,0.0 
50,0.0 
60,0.0 
70,0.0 
80,0.0 
90,0.0 
100,0.0 
110,0.0 
120,0.0 
130,0.0 
140,0.0 
150,0.16015625 
160,0.37109375 
170,0.46875 
180,0.78125 
190,0.66015625 
200,0.55859375 
210,0.46875 
220,0.3984375 
230,0.33984375 
240,0.2890625 
250,0.23828125 
260,0.19921875 
270,0.171875 
280,0.1484375 
